codcli,profile
10000,EVENTUAL
10002,VIP
10003,EVENTUAL
10004,REGULAR
10008,FREQUENTE
10009,REGULAR
10011,FREQUENTE
10012,EVENTUAL
10013,REGULAR
10014,FREQUENTE
10017,FREQUENTE
10019,EVENTUAL
10020,EVENTUAL
10022,REGULAR
10023,FREQUENTE
10025,FREQUENTE
10026,REGULAR
10028,REGULAR
10031,REGULAR
10032,REGULAR
10033,FREQUENTE
10034,REGULAR
10035,VIP
10038,REGULAR
10045,FREQUENTE
10046,EVENTUAL
10047,REGULAR
10048,REGULAR
10049,REGULAR
10050,REGULAR
10051,REGULAR
10057,EVENTUAL
10058,REGULAR
10059,REGULAR
10060,EVENTUAL
10061,REGULAR
10062,FREQUENTE
10066,FREQUENTE
10067,EVENTUAL
10071,EVENTUAL
10072,REGULAR
10073,EVENTUAL
10074,REGULAR
10077,EVENTUAL
10078,EVENTUAL
10083,EVENTUAL
10085,EVENTUAL
10086,REGULAR
10087,REGULAR
10093,REGULAR
10095,EVENTUAL
10096,FREQUENTE
10097,FREQUENTE
10098,REGULAR
10099,REGULAR
10100,REGULAR
10101,REGULAR
10102,EVENTUAL
10103,EVENTUAL
10104,FREQUENTE
10105,VIP
10106,REGULAR
10107,REGULAR
10108,REGULAR
10110,REGULAR
10111,EVENTUAL
10112,EVENTUAL
10113,EVENTUAL
10115,REGULAR
10116,REGULAR
10118,EVENTUAL
10119,EVENTUAL
10120,EVENTUAL
10121,EVENTUAL
10124,REGULAR
10126,VIP
10127,REGULAR
10129,EVENTUAL
10130,REGULAR
10131,REGULAR
10132,EVENTUAL
10133,REGULAR
10134,VIP
10135,EVENTUAL
10136,EVENTUAL
10137,REGULAR
10141,REGULAR
10142,REGULAR
10143,FREQUENTE
10144,FREQUENTE
10157,REGULAR
10158,EVENTUAL
10159,EVENTUAL
10163,EVENTUAL
10164,REGULAR
10165,REGULAR
10167,EVENTUAL
10168,REGULAR
10169,EVENTUAL
10170,EVENTUAL
10171,EVENTUAL
10172,VIP
10174,EVENTUAL
10175,REGULAR
10177,EVENTUAL
10178,REGULAR
10179,FREQUENTE
10180,FREQUENTE
10183,EVENTUAL
10186,REGULAR
10187,EVENTUAL
10188,EVENTUAL
10189,EVENTUAL
10190,EVENTUAL
10192,EVENTUAL
10193,REGULAR
10194,REGULAR
10196,EVENTUAL
10197,VIP
10198,EVENTUAL
10199,EVENTUAL
10200,REGULAR
10201,EVENTUAL
10202,REGULAR
10203,EVENTUAL
10205,EVENTUAL
10208,EVENTUAL
10209,REGULAR
10210,REGULAR
10211,REGULAR
10214,EVENTUAL
10215,REGULAR
10216,REGULAR
10217,EVENTUAL
10218,REGULAR
10219,REGULAR
10220,VIP
10221,EVENTUAL
10222,REGULAR
10223,EVENTUAL
10225,REGULAR
10232,EVENTUAL
10233,EVENTUAL
10234,REGULAR
10235,EVENTUAL
10236,REGULAR
10237,REGULAR
10238,REGULAR
10239,REGULAR
10240,EVENTUAL
10241,REGULAR
10242,REGULAR
10243,REGULAR
10244,REGULAR
10245,FREQUENTE
10246,REGULAR
10248,REGULAR
10249,EVENTUAL
10250,REGULAR
10251,VIP
10252,REGULAR
10253,REGULAR
10254,REGULAR
10255,REGULAR
10256,FREQUENTE
10257,REGULAR
10258,REGULAR
10259,REGULAR
10260,REGULAR
10261,VIP
10262,EVENTUAL
10266,REGULAR
10267,REGULAR
10268,REGULAR
10269,REGULAR
10270,REGULAR
10271,EVENTUAL
10272,EVENTUAL
10273,EVENTUAL
10276,REGULAR
10277,FREQUENTE
10280,VIP
10281,REGULAR
10282,EVENTUAL
10283,VIP
10284,EVENTUAL
10285,EVENTUAL
10286,EVENTUAL
10288,REGULAR
10290,EVENTUAL
10291,REGULAR
10293,REGULAR
10294,REGULAR
10295,FREQUENTE
10296,REGULAR
10297,EVENTUAL
10298,REGULAR
10299,FREQUENTE
10301,EVENTUAL
10302,EVENTUAL
10304,REGULAR
10305,EVENTUAL
10307,REGULAR
10312,FREQUENTE
10314,VIP
10315,VIP
10316,EVENTUAL
10317,VIP
10318,EVENTUAL
10320,EVENTUAL
10323,FREQUENTE
10324,FREQUENTE
10325,EVENTUAL
10326,VIP
10327,REGULAR
10328,EVENTUAL
10329,VIP
10336,VIP
10337,REGULAR
10338,EVENTUAL
10339,FREQUENTE
10341,VIP
10342,EVENTUAL
10343,REGULAR
10344,VIP
10345,REGULAR
10346,EVENTUAL
10347,VIP
10348,EVENTUAL
10349,EVENTUAL
10355,EVENTUAL
10356,REGULAR
10357,EVENTUAL
10358,EVENTUAL
10359,REGULAR
10360,REGULAR
10361,EVENTUAL
10362,REGULAR
10364,EVENTUAL
10365,EVENTUAL
10366,REGULAR
10367,EVENTUAL
10369,EVENTUAL
10370,REGULAR
10380,REGULAR
10381,FREQUENTE
10382,FREQUENTE
10383,EVENTUAL
10384,EVENTUAL
10385,EVENTUAL
10386,EVENTUAL
10387,EVENTUAL
10389,FREQUENTE
10391,FREQUENTE
10395,REGULAR
10397,VIP
10399,VIP
10400,EVENTUAL
10403,VIP
10404,VIP
10405,EVENTUAL
10406,VIP
10407,EVENTUAL
10408,EVENTUAL
10409,EVENTUAL
10414,REGULAR
10419,FREQUENTE
10421,EVENTUAL
10422,REGULAR
10423,EVENTUAL
10429,EVENTUAL
10430,EVENTUAL
10432,VIP
10433,EVENTUAL
10441,EVENTUAL
10446,REGULAR
10453,REGULAR
10456,EVENTUAL
10459,VIP
10460,VIP
10462,REGULAR
10463,EVENTUAL
10466,EVENTUAL
10470,EVENTUAL
10471,REGULAR
10474,REGULAR
10482,REGULAR
10485,REGULAR
10490,EVENTUAL
10494,VIP
10495,REGULAR
10497,EVENTUAL
10498,FREQUENTE
10499,FREQUENTE
10500,REGULAR
10501,EVENTUAL
10502,EVENTUAL
10504,EVENTUAL
10508,REGULAR
10509,REGULAR
10512,FREQUENTE
10514,EVENTUAL
10515,EVENTUAL
10518,EVENTUAL
10520,REGULAR
10522,EVENTUAL
10523,EVENTUAL
10524,EVENTUAL
10525,EVENTUAL
10529,FREQUENTE
10530,REGULAR
10531,EVENTUAL
10532,EVENTUAL
10535,REGULAR
10536,FREQUENTE
10539,REGULAR
10540,REGULAR
10542,REGULAR
10543,REGULAR
10545,EVENTUAL
10548,FREQUENTE
10551,REGULAR
10552,EVENTUAL
10553,EVENTUAL
10554,REGULAR
10557,EVENTUAL
10558,FREQUENTE
10561,VIP
10562,EVENTUAL
10564,VIP
10565,REGULAR
10566,EVENTUAL
10568,EVENTUAL
10569,EVENTUAL
10576,REGULAR
10579,EVENTUAL
10580,EVENTUAL
10581,REGULAR
10592,REGULAR
10593,REGULAR
10594,EVENTUAL
10595,EVENTUAL
10596,REGULAR
10597,REGULAR
10598,REGULAR
10599,EVENTUAL
10601,FREQUENTE
10603,VIP
10604,REGULAR
10605,REGULAR
10607,REGULAR
10608,FREQUENTE
10609,VIP 3+
10611,VIP
10612,REGULAR
10613,REGULAR
10614,REGULAR
10615,EVENTUAL
10616,EVENTUAL
10617,EVENTUAL
10618,EVENTUAL
10620,REGULAR
10622,REGULAR
10623,REGULAR
10628,FREQUENTE
10630,REGULAR
10632,REGULAR
10634,EVENTUAL
10635,REGULAR
10636,REGULAR
10637,VIP
10638,REGULAR
10640,REGULAR
10641,REGULAR
10644,EVENTUAL
10647,REGULAR
10648,REGULAR
10649,FREQUENTE
10652,EVENTUAL
10653,EVENTUAL
10656,EVENTUAL
10658,REGULAR
10661,EVENTUAL
10662,REGULAR
10663,REGULAR
10665,REGULAR
10667,REGULAR
10672,FREQUENTE
10674,REGULAR
10676,FREQUENTE
10677,REGULAR
10678,EVENTUAL
10682,REGULAR
10683,FREQUENTE
10687,FREQUENTE
10689,REGULAR
10691,FREQUENTE
10694,EVENTUAL
10696,REGULAR
10697,REGULAR
10698,REGULAR
10699,FREQUENTE
10701,EVENTUAL
10702,REGULAR
10706,VIP
10707,REGULAR
10708,EVENTUAL
10709,VIP
10710,VIP
10711,REGULAR
10712,EVENTUAL
10713,REGULAR
10714,NOVO 24
10716,REGULAR
10717,VIP
10718,REGULAR
10719,REGULAR
10730,VIP
10733,REGULAR
10736,VIP 3+
10740,EVENTUAL
10741,REGULAR
10743,REGULAR
10745,REGULAR
10746,FREQUENTE
10747,REGULAR
10748,REGULAR
10749,FREQUENTE
10750,REGULAR
10751,EVENTUAL
10754,REGULAR
10755,REGULAR
10757,EVENTUAL
10758,REGULAR
10759,EVENTUAL
10761,REGULAR
10762,REGULAR
10763,FREQUENTE
10764,EVENTUAL
10765,REGULAR
10766,REGULAR
10767,REGULAR
10768,REGULAR
10769,REGULAR
10774,REGULAR
10775,FREQUENTE
10777,REGULAR
10780,EVENTUAL
10781,REGULAR
10782,REGULAR
10783,REGULAR
10784,REGULAR
10785,REGULAR
10787,EVENTUAL
10788,REGULAR
10789,REGULAR
10790,EVENTUAL
10792,FREQUENTE
10793,REGULAR
10795,VIP
10798,FREQUENTE
10799,FREQUENTE
10800,FREQUENTE
10801,FREQUENTE
10803,REGULAR
10804,REGULAR
10805,REGULAR
10807,REGULAR
10811,VIP
10812,EVENTUAL
10813,REGULAR
10814,REGULAR
10815,REGULAR
10819,REGULAR
10825,VIP
10826,FREQUENTE
10827,FREQUENTE
10828,REGULAR
10829,REGULAR
10830,REGULAR
10831,REGULAR
10832,FREQUENTE
10833,REGULAR
10838,EVENTUAL
10839,EVENTUAL
10843,REGULAR
10845,EVENTUAL
10846,REGULAR
10847,EVENTUAL
10848,VIP 3+
10850,VIP 3+
10851,EVENTUAL
10853,REGULAR
10859,REGULAR
10875,REGULAR
10885,EVENTUAL
10886,REGULAR
10887,EVENTUAL
10888,FREQUENTE
10893,EVENTUAL
10896,FREQUENTE
10903,REGULAR
10905,REGULAR
10907,REGULAR
10909,REGULAR
10910,REGULAR
10917,REGULAR
10918,EVENTUAL
10920,REGULAR
10928,EVENTUAL
10929,REGULAR
10934,REGULAR
10935,REGULAR
10939,REGULAR
10940,REGULAR
10941,REGULAR
10944,EVENTUAL
10949,REGULAR
10951,REGULAR
10952,VIP
10953,EVENTUAL
10954,REGULAR
10955,REGULAR
10957,REGULAR
10958,REGULAR
10959,REGULAR
10960,FREQUENTE
10963,FREQUENTE
10964,FREQUENTE
10965,EVENTUAL
10966,REGULAR
10967,REGULAR
10968,REGULAR
10969,REGULAR
10972,FREQUENTE
10973,EVENTUAL
10974,FREQUENTE
10975,EVENTUAL
10977,FREQUENTE
10978,REGULAR
10983,REGULAR
10986,EVENTUAL
10987,REGULAR
10988,FREQUENTE
10989,REGULAR
10994,REGULAR
10996,REGULAR
10997,REGULAR
10998,EVENTUAL
11000,FREQUENTE
11003,REGULAR
11004,REGULAR
11008,VIP
11011,REGULAR
11012,EVENTUAL
11013,REGULAR
11014,EVENTUAL
11015,REGULAR
11017,REGULAR
11018,EVENTUAL
11019,FREQUENTE
11020,REGULAR
11023,FREQUENTE
11024,FREQUENTE
11025,REGULAR
11026,REGULAR
11028,REGULAR
11029,REGULAR
11030,FREQUENTE
11031,FREQUENTE
11032,REGULAR
11033,EVENTUAL
11034,REGULAR
11035,EVENTUAL
11038,REGULAR
11040,FREQUENTE
11041,REGULAR
11042,REGULAR
11043,FREQUENTE
11045,REGULAR
11047,EVENTUAL
11048,REGULAR
11054,EVENTUAL
11055,EVENTUAL
11056,REGULAR
11057,FREQUENTE
11058,REGULAR
11059,EVENTUAL
11063,REGULAR
11064,EVENTUAL
11065,FREQUENTE
11066,REGULAR
11068,REGULAR
11069,REGULAR
11070,EVENTUAL
11071,REGULAR
11072,REGULAR
11073,FREQUENTE
11074,REGULAR
11075,EVENTUAL
11076,REGULAR
11077,REGULAR
11079,VIP
11080,VIP
11081,EVENTUAL
11082,EVENTUAL
11083,EVENTUAL
11084,REGULAR
11086,FREQUENTE
11087,REGULAR
11088,REGULAR
11089,EVENTUAL
11092,REGULAR
11093,REGULAR
11094,EVENTUAL
11096,EVENTUAL
11098,REGULAR
11099,REGULAR
11100,REGULAR
11101,REGULAR
11103,EVENTUAL
11104,REGULAR
11105,REGULAR
11106,REGULAR
11107,REGULAR
11108,FREQUENTE
11110,VIP
11111,REGULAR
11112,REGULAR
11113,EVENTUAL
11114,REGULAR
11115,EVENTUAL
11116,REGULAR
11117,FREQUENTE
11118,REGULAR
11120,REGULAR
11121,EVENTUAL
11122,EVENTUAL
11123,EVENTUAL
11124,VIP
11127,EVENTUAL
11128,FREQUENTE
11129,FREQUENTE
11130,EVENTUAL
11131,EVENTUAL
11132,REGULAR
11133,FREQUENTE
11134,REGULAR
11135,REGULAR
11136,REGULAR
11137,EVENTUAL
11138,REGULAR
11139,REGULAR
11140,FREQUENTE
11141,EVENTUAL
11142,REGULAR
11143,NOVO 25
11144,REGULAR
11145,REGULAR
11146,FREQUENTE
11147,FREQUENTE
11148,EVENTUAL
11149,REGULAR
11150,VIP
11152,EVENTUAL
11153,VIP
11154,FREQUENTE
11155,VIP
11157,VIP 3+
11162,EVENTUAL
11163,REGULAR
11164,REGULAR
11165,EVENTUAL
11166,FREQUENTE
11167,EVENTUAL
11168,REGULAR
11169,REGULAR
11170,REGULAR
11171,REGULAR
11172,REGULAR
11174,REGULAR
11175,EVENTUAL
11176,FREQUENTE
11177,REGULAR
11178,REGULAR
11179,EVENTUAL
11181,REGULAR
11182,EVENTUAL
11183,REGULAR
11189,REGULAR
11190,REGULAR
11191,FREQUENTE
11194,VIP
11195,FREQUENTE
11196,REGULAR
11198,REGULAR
11200,REGULAR
11201,FREQUENTE
11202,FREQUENTE
11204,REGULAR
11205,REGULAR
11206,REGULAR
11210,REGULAR
11212,EVENTUAL
11213,EVENTUAL
11214,REGULAR
11215,VIP
11216,REGULAR
11217,EVENTUAL
11218,VIP
11219,FREQUENTE
11221,REGULAR
11222,REGULAR
11223,REGULAR
11224,REGULAR
11227,REGULAR
11228,EVENTUAL
11229,VIP
11230,REGULAR
11232,EVENTUAL
11233,VIP
11234,EVENTUAL
11235,REGULAR
11236,EVENTUAL
11237,FREQUENTE
11238,VIP
11239,VIP
11240,REGULAR
11242,EVENTUAL
11243,REGULAR
11244,REGULAR
11247,REGULAR
11251,FREQUENTE
11252,REGULAR
11253,FREQUENTE
11254,REGULAR
11255,VIP
11256,EVENTUAL
11257,EVENTUAL
11258,REGULAR
11259,VIP
11261,REGULAR
11262,REGULAR
11263,REGULAR
11264,REGULAR
11265,EVENTUAL
11266,EVENTUAL
11269,REGULAR
11270,REGULAR
11271,VIP
11272,FREQUENTE
11273,REGULAR
11274,VIP
11275,REGULAR
11276,EVENTUAL
11279,FREQUENTE
11280,EVENTUAL
11284,EVENTUAL
11285,EVENTUAL
11286,VIP
11287,EVENTUAL
11292,EVENTUAL
11294,EVENTUAL
11295,REGULAR
11296,REGULAR
11298,FREQUENTE
11300,EVENTUAL
11303,EVENTUAL
11304,EVENTUAL
11306,EVENTUAL
11308,REGULAR
11311,REGULAR
11313,FREQUENTE
11318,REGULAR
11319,REGULAR
11326,REGULAR
11328,REGULAR
11334,REGULAR
11335,REGULAR
11337,FREQUENTE
11341,REGULAR
11342,EVENTUAL
11343,FREQUENTE
11344,REGULAR
11345,REGULAR
11346,FREQUENTE
11347,REGULAR
11348,FREQUENTE
11349,REGULAR
11350,FREQUENTE
11351,REGULAR
11352,FREQUENTE
11353,VIP
11354,REGULAR
11355,EVENTUAL
11356,EVENTUAL
11358,REGULAR
11359,REGULAR
11360,REGULAR
11361,EVENTUAL
11362,EVENTUAL
11363,EVENTUAL
11366,REGULAR
11369,REGULAR
11370,EVENTUAL
11372,REGULAR
11373,REGULAR
11374,FREQUENTE
11375,REGULAR
11376,REGULAR
11377,FREQUENTE
11378,FREQUENTE
11379,EVENTUAL
11380,EVENTUAL
11383,REGULAR
11384,EVENTUAL
11385,REGULAR
11386,REGULAR
11387,REGULAR
11388,EVENTUAL
11389,FREQUENTE
11390,REGULAR
11392,FREQUENTE
11393,FREQUENTE
11394,FREQUENTE
11396,VIP
11397,EVENTUAL
11398,VIP
11399,REGULAR
11400,VIP
11401,REGULAR
11403,REGULAR
11404,REGULAR
11405,REGULAR
11406,REGULAR
11407,REGULAR
11408,FREQUENTE
11410,EVENTUAL
11411,REGULAR
11412,REGULAR
11413,REGULAR
11414,REGULAR
11415,EVENTUAL
11416,FREQUENTE
11417,REGULAR
11418,EVENTUAL
11419,REGULAR
11420,FREQUENTE
11421,EVENTUAL
11424,REGULAR
11425,EVENTUAL
11427,REGULAR
11428,REGULAR
11434,FREQUENTE
11435,REGULAR
11436,REGULAR
11437,REGULAR
11438,REGULAR
11439,VIP
11440,REGULAR
11442,REGULAR
11443,REGULAR
11444,REGULAR
11445,REGULAR
11447,REGULAR
11448,EVENTUAL
11449,VIP
11450,EVENTUAL
11471,REGULAR
11472,EVENTUAL
11473,REGULAR
11474,REGULAR
11475,REGULAR
11476,REGULAR
11477,EVENTUAL
11481,EVENTUAL
11483,EVENTUAL
11485,REGULAR
11486,EVENTUAL
11488,REGULAR
11490,EVENTUAL
11491,FREQUENTE
11492,FREQUENTE
11493,EVENTUAL
11495,REGULAR
11496,VIP
11503,REGULAR
11506,EVENTUAL
11507,REGULAR
11511,FREQUENTE
11512,VIP
11515,REGULAR
11516,REGULAR
11518,REGULAR
11519,REGULAR
11520,REGULAR
11523,REGULAR
11524,REGULAR
11525,FREQUENTE
11526,REGULAR
11527,REGULAR
11528,REGULAR
11529,EVENTUAL
11530,VIP
11531,EVENTUAL
11532,EVENTUAL
11533,REGULAR
11534,EVENTUAL
11541,REGULAR
11542,VIP
11545,FREQUENTE
11546,EVENTUAL
11548,REGULAR
11549,VIP
11550,REGULAR
11551,EVENTUAL
11552,REGULAR
11556,REGULAR
11557,REGULAR
11558,EVENTUAL
11559,REGULAR
11560,REGULAR
11564,FREQUENTE
11565,REGULAR
11573,EVENTUAL
11578,REGULAR
11581,EVENTUAL
11586,EVENTUAL
11587,REGULAR
11588,VIP
11593,VIP
11594,FREQUENTE
11597,EVENTUAL
11598,EVENTUAL
11599,REGULAR
11601,EVENTUAL
11602,VIP
11607,REGULAR
11615,EVENTUAL
11619,EVENTUAL
11622,REGULAR
11627,EVENTUAL
11628,EVENTUAL
11634,EVENTUAL
11642,FREQUENTE
11644,FREQUENTE
11646,VIP
11648,EVENTUAL
11649,REGULAR
11650,REGULAR
11651,EVENTUAL
11655,REGULAR
11662,EVENTUAL
11673,FREQUENTE
11674,FREQUENTE
11675,FREQUENTE
11679,REGULAR
11680,REGULAR
11681,REGULAR
11687,EVENTUAL
11690,FREQUENTE
11691,FREQUENTE
11692,REGULAR
11694,EVENTUAL
11696,FREQUENTE
11698,REGULAR
11700,REGULAR
11702,VIP
11703,REGULAR
11706,NOVO 26
11707,REGULAR
11708,REGULAR
11709,REGULAR
11710,VIP 3+
11711,REGULAR
11712,REGULAR
11715,EVENTUAL
11718,REGULAR
11719,FREQUENTE
11720,REGULAR
11721,EVENTUAL
11722,VIP 3+
11723,REGULAR
11724,REGULAR
11725,REGULAR
11726,FREQUENTE
11727,VIP
11728,REGULAR
11729,VIP
11730,REGULAR
11731,REGULAR
11733,REGULAR
11734,EVENTUAL
11735,REGULAR
11736,REGULAR
11737,FREQUENTE
11742,REGULAR
11743,REGULAR
11745,REGULAR
11750,REGULAR
11751,EVENTUAL
11752,REGULAR
11753,REGULAR
11754,VIP 3+
11758,REGULAR
11760,REGULAR
11761,REGULAR
11762,REGULAR
11763,REGULAR
11764,REGULAR
11765,REGULAR
11766,REGULAR
11767,FREQUENTE
11774,REGULAR
11775,REGULAR
11778,VIP
11784,REGULAR
11785,REGULAR
11787,REGULAR
11788,FREQUENTE
11789,REGULAR
11790,EVENTUAL
11791,FREQUENTE
11795,EVENTUAL
11801,REGULAR
11802,REGULAR
11807,FREQUENTE
11808,FREQUENTE
11809,FREQUENTE
11810,REGULAR
11817,REGULAR
11830,VIP 3+
11833,EVENTUAL
11836,VIP
11839,FREQUENTE
11840,REGULAR
11841,REGULAR
11843,FREQUENTE
11857,REGULAR
11858,REGULAR
11867,FREQUENTE
11868,EVENTUAL
11872,REGULAR
11873,EVENTUAL
11874,REGULAR
11875,REGULAR
11879,REGULAR
11882,REGULAR
11883,REGULAR
11884,REGULAR
11899,REGULAR
11902,EVENTUAL
11903,EVENTUAL
11904,REGULAR
11907,REGULAR
11913,REGULAR
11934,FREQUENTE
11935,REGULAR
11936,EVENTUAL
11938,REGULAR
11941,FREQUENTE
11946,REGULAR
11949,REGULAR
11950,REGULAR
11951,EVENTUAL
11952,REGULAR
11953,REGULAR
11954,FREQUENTE
11955,REGULAR
11957,REGULAR
11965,FREQUENTE
11966,VIP 3+
11969,REGULAR
11970,FREQUENTE
11972,REGULAR
11973,REGULAR
11974,REGULAR
11975,REGULAR
11976,FREQUENTE
11978,REGULAR
11981,REGULAR
11982,REGULAR
11983,REGULAR
11985,REGULAR
11987,EVENTUAL
11988,REGULAR
11990,REGULAR
11992,FREQUENTE
11996,EVENTUAL
11997,FREQUENTE
11998,REGULAR
12000,REGULAR
12010,REGULAR
12011,REGULAR
12019,FREQUENTE
12023,REGULAR
12024,FREQUENTE
12025,REGULAR
12026,REGULAR
12028,REGULAR
12029,VIP 3+
12036,FREQUENTE
12037,REGULAR
12038,EVENTUAL
12041,REGULAR
12042,REGULAR
12047,REGULAR
12049,REGULAR
12061,REGULAR
12065,REGULAR
12068,REGULAR
12069,EVENTUAL
12070,REGULAR
12071,REGULAR
12077,REGULAR
12080,FREQUENTE
12081,REGULAR
12082,REGULAR
12084,FREQUENTE
12090,REGULAR
12091,REGULAR
12092,REGULAR
12098,REGULAR
12108,REGULAR
12110,REGULAR
12112,REGULAR
12113,REGULAR
12120,REGULAR
12121,REGULAR
12122,REGULAR
12131,REGULAR
12135,REGULAR
12142,REGULAR
12144,REGULAR
12151,REGULAR
12152,EVENTUAL
12153,REGULAR
12157,FREQUENTE
12159,FREQUENTE
12160,REGULAR
12163,VIP
12165,REGULAR
12166,REGULAR
12178,REGULAR
12183,EVENTUAL
12241,REGULAR
12245,REGULAR
12246,EVENTUAL
12275,REGULAR
12278,REGULAR
12279,REGULAR
12281,NOVO 24
12284,EVENTUAL
12286,REGULAR
12290,REGULAR
12291,REGULAR
12294,VIP 3+
12295,VIP
12296,VIP
12297,EVENTUAL
12298,FREQUENTE
12299,EVENTUAL
12302,REGULAR
12304,REGULAR
12305,REGULAR
12307,EVENTUAL
12309,EVENTUAL
12313,REGULAR
12314,REGULAR
12316,EVENTUAL
12320,EVENTUAL
12323,FREQUENTE
12324,REGULAR
12325,REGULAR
12326,EVENTUAL
12327,REGULAR
12330,REGULAR
12331,REGULAR
12338,REGULAR
12342,VIP
12344,REGULAR
12347,REGULAR
12349,EVENTUAL
12351,EVENTUAL
12353,VIP 3+
12357,REGULAR
12358,EVENTUAL
12359,REGULAR
12361,EVENTUAL
12362,EVENTUAL
12363,EVENTUAL
12365,REGULAR
12367,REGULAR
12368,VIP
12370,REGULAR
12372,REGULAR
12376,REGULAR
12377,REGULAR
12378,REGULAR
12383,REGULAR
12384,REGULAR
12389,REGULAR
12394,REGULAR
12400,EVENTUAL
12402,REGULAR
12403,FREQUENTE
12407,VIP
12408,FREQUENTE
12409,REGULAR
12410,EVENTUAL
12411,REGULAR
12412,EVENTUAL
12413,EVENTUAL
12414,EVENTUAL
12415,EVENTUAL
12416,EVENTUAL
12417,VIP 3+
12418,REGULAR
12419,EVENTUAL
12420,EVENTUAL
12422,REGULAR
12423,REGULAR
12424,EVENTUAL
12426,REGULAR
12427,FREQUENTE
12428,REGULAR
12432,REGULAR
12433,REGULAR
12435,FREQUENTE
12436,REGULAR
12438,REGULAR
12439,EVENTUAL
12444,EVENTUAL
12445,REGULAR
12448,REGULAR
12450,EVENTUAL
12451,REGULAR
12452,EVENTUAL
12454,REGULAR
12455,EVENTUAL
12457,REGULAR
12460,EVENTUAL
12463,FREQUENTE
12465,EVENTUAL
12467,EVENTUAL
12468,REGULAR
12469,EVENTUAL
12475,VIP 3+
12477,VIP 3+
12478,REGULAR
12479,EVENTUAL
12480,REGULAR
12482,REGULAR
12486,REGULAR
12487,EVENTUAL
12489,REGULAR
12490,REGULAR
12492,VIP
12494,FREQUENTE
12497,REGULAR
12501,REGULAR
12502,REGULAR
12504,EVENTUAL
12505,REGULAR
12514,EVENTUAL
12516,VIP
12517,EVENTUAL
12518,REGULAR
12519,NOVO 25
12520,REGULAR
12521,REGULAR
12522,REGULAR
12525,EVENTUAL
12527,EVENTUAL
12528,FREQUENTE
12529,FREQUENTE
12534,FREQUENTE
12535,REGULAR
12536,REGULAR
12538,EVENTUAL
12540,REGULAR
12542,EVENTUAL
12543,FREQUENTE
12545,REGULAR
12546,REGULAR
12553,EVENTUAL
12554,EVENTUAL
12561,FREQUENTE
12562,REGULAR
12563,REGULAR
12565,FREQUENTE
12566,EVENTUAL
12568,VIP 3+
12569,EVENTUAL
12570,FREQUENTE
12572,EVENTUAL
12576,VIP 3+
12577,EVENTUAL
12579,REGULAR
12581,REGULAR
12583,EVENTUAL
12584,REGULAR
12587,REGULAR
12588,REGULAR
12589,EVENTUAL
12591,REGULAR
12592,REGULAR
12593,EVENTUAL
12594,REGULAR
12595,EVENTUAL
12599,REGULAR
12600,REGULAR
12602,FREQUENTE
12604,REGULAR
12607,REGULAR
12608,EVENTUAL
12609,EVENTUAL
12611,EVENTUAL
12621,EVENTUAL
12625,REGULAR
12626,EVENTUAL
12627,REGULAR
12628,REGULAR
12629,REGULAR
12631,EVENTUAL
12632,REGULAR
12633,EVENTUAL
12635,REGULAR
12636,REGULAR
12637,EVENTUAL
12639,REGULAR
12640,REGULAR
12641,REGULAR
12642,REGULAR
12643,REGULAR
12644,REGULAR
12645,EVENTUAL
12646,REGULAR
12651,REGULAR
12652,EVENTUAL
12653,REGULAR
12655,EVENTUAL
12656,REGULAR
12657,REGULAR
12661,REGULAR
12664,REGULAR
12666,REGULAR
12667,REGULAR
12669,REGULAR
12670,EVENTUAL
12671,REGULAR
12672,REGULAR
12676,EVENTUAL
12677,FREQUENTE
12679,REGULAR
12680,FREQUENTE
12681,REGULAR
12684,REGULAR
12689,REGULAR
12690,REGULAR
12693,EVENTUAL
12708,REGULAR
12709,REGULAR
12713,REGULAR
12714,EVENTUAL
12716,EVENTUAL
12717,REGULAR
12724,REGULAR
12725,REGULAR
12727,REGULAR
12738,FREQUENTE
12739,EVENTUAL
12741,EVENTUAL
12742,REGULAR
12743,REGULAR
12744,REGULAR
12747,FREQUENTE
12748,REGULAR
12751,REGULAR
12753,EVENTUAL
12754,REGULAR
12763,EVENTUAL
12770,REGULAR
12772,REGULAR
12774,REGULAR
12775,REGULAR
12778,VIP 3+
12783,VIP 3+
12784,EVENTUAL
12785,EVENTUAL
12790,REGULAR
12791,VIP 3+
12792,EVENTUAL
12793,VIP
12797,REGULAR
12798,FREQUENTE
12800,EVENTUAL
12802,REGULAR
12804,REGULAR
12806,EVENTUAL
12808,EVENTUAL
12809,EVENTUAL
12810,REGULAR
12811,REGULAR
12815,FREQUENTE
12817,EVENTUAL
12822,FREQUENTE
12823,REGULAR
12836,REGULAR
12838,REGULAR
12839,VIP 3+
12840,REGULAR
12841,REGULAR
12842,VIP
12843,EVENTUAL
12844,VIP 3+
12849,REGULAR
12853,REGULAR
12857,REGULAR
12858,FREQUENTE
12863,REGULAR
12864,REGULAR
12867,VIP 3+
12868,EVENTUAL
12870,EVENTUAL
12872,EVENTUAL
12877,REGULAR
12878,VIP 3+
12879,REGULAR
12883,EVENTUAL
12885,FREQUENTE
12886,REGULAR
12889,REGULAR
12890,VIP 3+
12896,FREQUENTE
12897,REGULAR
12899,VIP 3+
12900,FREQUENTE
12901,VIP 3+
12902,FREQUENTE
12903,REGULAR
12904,REGULAR
12905,REGULAR
12908,REGULAR
12909,EVENTUAL
12913,REGULAR
12914,EVENTUAL
12916,FREQUENTE
12917,FREQUENTE
12918,REGULAR
12919,REGULAR
12923,REGULAR
12924,REGULAR
12925,REGULAR
12926,REGULAR
12927,REGULAR
12928,REGULAR
12930,EVENTUAL
12934,REGULAR
12937,EVENTUAL
12938,EVENTUAL
12940,FREQUENTE
12941,REGULAR
12942,EVENTUAL
12943,REGULAR
12944,REGULAR
12945,REGULAR
12946,EVENTUAL
12947,REGULAR
12948,REGULAR
12949,REGULAR
12950,REGULAR
12951,REGULAR
12952,REGULAR
12953,REGULAR
12955,EVENTUAL
12964,FREQUENTE
12965,EVENTUAL
12966,FREQUENTE
12967,REGULAR
12970,FREQUENTE
12974,EVENTUAL
12984,REGULAR
12990,REGULAR
12995,EVENTUAL
12998,EVENTUAL
13005,EVENTUAL
13006,EVENTUAL
13008,FREQUENTE
13011,EVENTUAL
13012,EVENTUAL
13013,EVENTUAL
13015,REGULAR
13016,REGULAR
13018,EVENTUAL
13019,REGULAR
13020,REGULAR
13021,EVENTUAL
13022,EVENTUAL
13023,REGULAR
13027,EVENTUAL
13032,REGULAR
13033,VIP 3+
13039,VIP 3+
13045,FREQUENTE
13046,REGULAR
13052,REGULAR
13053,EVENTUAL
13054,EVENTUAL
13060,FREQUENTE
13061,REGULAR
13072,REGULAR
13074,EVENTUAL
13075,REGULAR
13076,REGULAR
13079,REGULAR
13082,VIP 3+
13086,EVENTUAL
13090,VIP 3+
13093,FREQUENTE
13095,REGULAR
13096,FREQUENTE
13097,REGULAR
13098,REGULAR
13099,REGULAR
13100,VIP 3+
13101,REGULAR
13104,REGULAR
13106,EVENTUAL
13107,REGULAR
13109,EVENTUAL
13110,REGULAR
13111,REGULAR
13112,EVENTUAL
13113,FREQUENTE
13115,REGULAR
13116,REGULAR
13117,REGULAR
13119,REGULAR
13121,FREQUENTE
13122,REGULAR
13123,VIP 3+
13124,EVENTUAL
13125,VIP 3+
13127,REGULAR
13128,VIP 3+
13131,REGULAR
13134,REGULAR
13135,FREQUENTE
13136,EVENTUAL
13137,FREQUENTE
13139,REGULAR
13143,REGULAR
13144,REGULAR
13146,REGULAR
13156,FREQUENTE
13157,REGULAR
13160,VIP
13161,VIP 3+
13162,REGULAR
13163,EVENTUAL
13166,VIP 3+
13169,EVENTUAL
13170,REGULAR
13171,FREQUENTE
13172,REGULAR
13174,EVENTUAL
13178,REGULAR
13179,REGULAR
13180,EVENTUAL
13181,REGULAR
13182,REGULAR
13183,EVENTUAL
13184,REGULAR
13186,EVENTUAL
13190,FREQUENTE
13192,FREQUENTE
13195,REGULAR
13196,EVENTUAL
13197,FREQUENTE
13200,EVENTUAL
13201,REGULAR
13204,REGULAR
13205,REGULAR
13206,REGULAR
13210,EVENTUAL
13211,VIP 3+
13212,REGULAR
13213,REGULAR
13216,EVENTUAL
13217,REGULAR
13222,REGULAR
13235,REGULAR
13237,EVENTUAL
13239,REGULAR
13240,REGULAR
13242,REGULAR
13245,EVENTUAL
13248,REGULAR
13249,REGULAR
13250,FREQUENTE
13252,REGULAR
13262,EVENTUAL
13265,REGULAR
13266,REGULAR
13267,REGULAR
13272,REGULAR
13282,REGULAR
13285,REGULAR
13287,EVENTUAL
13288,VIP 3+
13290,REGULAR
13291,REGULAR
13293,REGULAR
13295,REGULAR
13296,REGULAR
13298,REGULAR
13299,REGULAR
13300,REGULAR
13302,REGULAR
13304,VIP 3+
13318,VIP 3+
13319,EVENTUAL
13321,REGULAR
13324,EVENTUAL
13326,REGULAR
13330,REGULAR
13332,VIP 3+
13336,REGULAR
13340,REGULAR
13342,REGULAR
13345,REGULAR
13347,VIP 3+
13351,REGULAR
13353,NOVO 26
13360,VIP 3+
13361,REGULAR
13362,REGULAR
13364,REGULAR
13365,REGULAR
13366,VIP 3+
13367,REGULAR
13369,REGULAR
13370,REGULAR
13371,REGULAR
13372,FREQUENTE
13373,REGULAR
13374,REGULAR
13377,EVENTUAL
13378,REGULAR
13384,EVENTUAL
13386,REGULAR
13387,EVENTUAL
13391,REGULAR
13392,REGULAR
13393,REGULAR
13394,NOVO 24
13395,REGULAR
13397,REGULAR
13398,REGULAR
13399,REGULAR
13400,VIP 3+
13401,EVENTUAL
13402,REGULAR
13404,EVENTUAL
13405,EVENTUAL
13416,REGULAR
13417,REGULAR
13419,REGULAR
13420,REGULAR
13421,REGULAR
13425,REGULAR
13427,REGULAR
13429,EVENTUAL
13430,VIP 3+
13433,EVENTUAL
13438,VIP 3+
13443,REGULAR
13444,EVENTUAL
13445,REGULAR
13447,REGULAR
13448,REGULAR
13449,REGULAR
13455,REGULAR
13456,REGULAR
13457,EVENTUAL
13459,REGULAR
13467,REGULAR
13471,REGULAR
13472,REGULAR
13473,REGULAR
13474,REGULAR
13477,REGULAR
13478,REGULAR
13480,REGULAR
13483,REGULAR
13484,EVENTUAL
13485,EVENTUAL
13486,EVENTUAL
13487,REGULAR
13488,REGULAR
13491,EVENTUAL
13494,REGULAR
13495,REGULAR
13498,FREQUENTE
13499,REGULAR
13500,REGULAR
13503,EVENTUAL
13510,REGULAR
13511,REGULAR
13512,REGULAR
13513,REGULAR
13514,REGULAR
13515,EVENTUAL
13516,EVENTUAL
13519,EVENTUAL
13520,REGULAR
13521,EVENTUAL
13522,EVENTUAL
13523,EVENTUAL
13524,EVENTUAL
13525,EVENTUAL
13526,FREQUENTE
13528,EVENTUAL
13530,EVENTUAL
13532,REGULAR
13533,REGULAR
13534,EVENTUAL
13535,FREQUENTE
13536,REGULAR
13537,REGULAR
13539,REGULAR
13542,REGULAR
13547,REGULAR
13548,FREQUENTE
13550,REGULAR
13551,EVENTUAL
13552,REGULAR
13553,EVENTUAL
13554,EVENTUAL
13555,EVENTUAL
13556,FREQUENTE
13557,FREQUENTE
13558,REGULAR
13560,EVENTUAL
13561,EVENTUAL
13562,EVENTUAL
13563,REGULAR
13568,EVENTUAL
13569,EVENTUAL
13570,REGULAR
13572,REGULAR
13575,EVENTUAL
13576,REGULAR
13577,REGULAR
13579,REGULAR
13580,REGULAR
13581,EVENTUAL
13587,EVENTUAL
13588,REGULAR
13592,FREQUENTE
13593,FREQUENTE
13594,FREQUENTE
13596,EVENTUAL
13601,REGULAR
13605,REGULAR
13606,REGULAR
13607,REGULAR
13608,FREQUENTE
13609,EVENTUAL
13610,EVENTUAL
13613,REGULAR
13614,EVENTUAL
13615,EVENTUAL
13616,REGULAR
13617,EVENTUAL
13618,EVENTUAL
13619,EVENTUAL
13620,REGULAR
13621,REGULAR
13626,EVENTUAL
13627,EVENTUAL
13628,REGULAR
13629,REGULAR
13631,EVENTUAL
13632,REGULAR
13633,FREQUENTE
13634,EVENTUAL
13635,REGULAR
13637,EVENTUAL
13638,REGULAR
13644,EVENTUAL
13648,EVENTUAL
13649,REGULAR
13650,EVENTUAL
13651,EVENTUAL
13652,FREQUENTE
13653,REGULAR
13654,EVENTUAL
13655,EVENTUAL
13656,REGULAR
13657,EVENTUAL
13660,EVENTUAL
13661,EVENTUAL
13663,FREQUENTE
13665,FREQUENTE
13666,EVENTUAL
13667,EVENTUAL
13669,REGULAR
13670,EVENTUAL
13671,EVENTUAL
13672,REGULAR
13673,EVENTUAL
13676,NOVO 25
13679,EVENTUAL
13680,REGULAR
13681,EVENTUAL
13682,REGULAR
13683,REGULAR
13684,REGULAR
13685,REGULAR
13686,REGULAR
13688,FREQUENTE
13690,REGULAR
13694,REGULAR
13698,REGULAR
13699,EVENTUAL
13701,REGULAR
13702,REGULAR
13703,REGULAR
13704,EVENTUAL
13705,VIP 3+
13706,EVENTUAL
13708,EVENTUAL
13710,REGULAR
13714,FREQUENTE
13716,EVENTUAL
13717,EVENTUAL
13718,EVENTUAL
13719,REGULAR
13721,REGULAR
13723,REGULAR
13725,REGULAR
13726,REGULAR
13727,REGULAR
13728,REGULAR
13729,REGULAR
13730,REGULAR
13731,REGULAR
13732,FREQUENTE
13733,REGULAR
13734,EVENTUAL
13737,REGULAR
13738,REGULAR
13739,REGULAR
13743,REGULAR
13745,EVENTUAL
13746,REGULAR
13747,REGULAR
13748,EVENTUAL
13749,REGULAR
13750,REGULAR
13751,EVENTUAL
13752,EVENTUAL
13753,REGULAR
13754,EVENTUAL
13755,EVENTUAL
13757,REGULAR
13758,EVENTUAL
13759,REGULAR
13761,REGULAR
13762,REGULAR
13764,EVENTUAL
13765,REGULAR
13766,REGULAR
13770,FREQUENTE
13772,EVENTUAL
13773,EVENTUAL
13774,REGULAR
13776,EVENTUAL
13777,REGULAR
13778,REGULAR
13779,REGULAR
13780,REGULAR
13781,EVENTUAL
13782,EVENTUAL
13783,EVENTUAL
13788,REGULAR
13789,REGULAR
13790,EVENTUAL
13791,EVENTUAL
13793,REGULAR
13794,REGULAR
13797,REGULAR
13798,EVENTUAL
13799,EVENTUAL
13800,REGULAR
13802,REGULAR
13803,REGULAR
13805,EVENTUAL
13807,EVENTUAL
13808,REGULAR
13809,EVENTUAL
13810,EVENTUAL
13811,FREQUENTE
13812,REGULAR
13813,REGULAR
13814,REGULAR
13816,REGULAR
13817,EVENTUAL
13818,REGULAR
13819,EVENTUAL
13820,FREQUENTE
13823,EVENTUAL
13827,REGULAR
13828,REGULAR
13829,REGULAR
13831,REGULAR
13833,EVENTUAL
13834,EVENTUAL
13835,REGULAR
13836,EVENTUAL
13837,REGULAR
13838,FREQUENTE
13839,REGULAR
13842,REGULAR
13844,EVENTUAL
13845,REGULAR
13846,REGULAR
13847,EVENTUAL
13848,REGULAR
13850,EVENTUAL
13851,EVENTUAL
13852,EVENTUAL
13853,REGULAR
13854,EVENTUAL
13857,REGULAR
13858,REGULAR
13859,REGULAR
13860,EVENTUAL
13861,EVENTUAL
13862,EVENTUAL
13864,EVENTUAL
13865,REGULAR
13867,REGULAR
13870,REGULAR
13873,REGULAR
13874,EVENTUAL
13875,REGULAR
13879,REGULAR
13880,REGULAR
13883,REGULAR
13886,REGULAR
13887,EVENTUAL
13889,REGULAR
13891,REGULAR
13892,REGULAR
13894,EVENTUAL
13895,EVENTUAL
13896,EVENTUAL
13899,EVENTUAL
13902,REGULAR
13915,EVENTUAL
13917,REGULAR
13918,REGULAR
13922,FREQUENTE
13929,EVENTUAL
13932,EVENTUAL
13938,REGULAR
13949,REGULAR
13950,REGULAR
13954,REGULAR
13969,REGULAR
13997,NOVO 24
13998,REGULAR
13999,REGULAR
14000,REGULAR
14007,REGULAR
14009,EVENTUAL
14018,FREQUENTE
14023,EVENTUAL
14025,EVENTUAL
14026,EVENTUAL
14057,EVENTUAL
14063,EVENTUAL
14070,EVENTUAL
14073,EVENTUAL
14074,REGULAR
14079,REGULAR
14080,REGULAR
14081,REGULAR
14082,EVENTUAL
14095,REGULAR
14098,EVENTUAL
14100,EVENTUAL
14101,REGULAR
14102,EVENTUAL
14103,EVENTUAL
14105,EVENTUAL
14106,REGULAR
14107,REGULAR
14108,REGULAR
14109,REGULAR
14111,EVENTUAL
14112,EVENTUAL
14118,REGULAR
14121,EVENTUAL
14122,REGULAR
14123,REGULAR
14127,REGULAR
14128,EVENTUAL
14129,REGULAR
14131,REGULAR
14132,REGULAR
14135,REGULAR
14136,EVENTUAL
14137,REGULAR
14138,REGULAR
14139,EVENTUAL
14140,REGULAR
14141,REGULAR
14142,REGULAR
14143,REGULAR
14144,EVENTUAL
14146,REGULAR
14147,EVENTUAL
14157,EVENTUAL
14158,REGULAR
14159,REGULAR
14164,EVENTUAL
14165,EVENTUAL
14168,REGULAR
14169,REGULAR
14170,REGULAR
14173,EVENTUAL
14179,REGULAR
14181,REGULAR
14183,NOVO 24
14184,EVENTUAL
14190,REGULAR
14191,REGULAR
14192,REGULAR
14194,REGULAR
14195,REGULAR
14196,EVENTUAL
14197,REGULAR
14198,REGULAR
14203,REGULAR
14205,EVENTUAL
14206,EVENTUAL
14208,REGULAR
14209,REGULAR
14213,REGULAR
14214,EVENTUAL
14215,EVENTUAL
14216,EVENTUAL
14222,REGULAR
14225,EVENTUAL
14226,EVENTUAL
14228,EVENTUAL
14235,EVENTUAL
14237,REGULAR
14239,EVENTUAL
14240,EVENTUAL
14241,REGULAR
14242,REGULAR
14249,EVENTUAL
14256,REGULAR
14257,REGULAR
14258,REGULAR
14259,REGULAR
14260,REGULAR
14262,EVENTUAL
14269,REGULAR
14272,EVENTUAL
14274,EVENTUAL
14276,REGULAR
14278,EVENTUAL
14279,EVENTUAL
14280,REGULAR
14281,REGULAR
14284,REGULAR
14285,REGULAR
14286,REGULAR
14291,REGULAR
14292,REGULAR
14293,REGULAR
14294,REGULAR
14296,REGULAR
14299,REGULAR
14300,EVENTUAL
14302,REGULAR
14303,REGULAR
14306,EVENTUAL
14309,REGULAR
14311,EVENTUAL
14313,REGULAR
14316,REGULAR
14318,REGULAR
14319,REGULAR
14320,REGULAR
14321,REGULAR
14322,REGULAR
14323,REGULAR
14324,REGULAR
14328,REGULAR
14331,EVENTUAL
14332,EVENTUAL
14337,EVENTUAL
14339,EVENTUAL
14340,REGULAR
14341,EVENTUAL
14342,REGULAR
14343,REGULAR
14345,REGULAR
14346,EVENTUAL
14347,REGULAR
14349,EVENTUAL
14352,EVENTUAL
14353,REGULAR
14359,REGULAR
14360,EVENTUAL
14362,REGULAR
14369,REGULAR
14370,EVENTUAL
14372,REGULAR
14375,REGULAR
14376,EVENTUAL
14382,EVENTUAL
14385,REGULAR
14386,REGULAR
14390,EVENTUAL
14400,REGULAR
14401,REGULAR
14406,REGULAR
14408,EVENTUAL
14410,REGULAR
14412,EVENTUAL
14418,EVENTUAL
14425,REGULAR
14437,EVENTUAL
14441,REGULAR
14447,REGULAR
14452,REGULAR
14454,EVENTUAL
14463,REGULAR
14465,REGULAR
14466,REGULAR
14476,REGULAR
14477,EVENTUAL
14479,EVENTUAL
14480,REGULAR
14483,REGULAR
14491,REGULAR
14492,REGULAR
14493,REGULAR
14494,EVENTUAL
14495,EVENTUAL
14496,REGULAR
14497,EVENTUAL
14498,EVENTUAL
14500,REGULAR
14501,REGULAR
14505,EVENTUAL
14506,EVENTUAL
14507,EVENTUAL
14509,REGULAR
14511,EVENTUAL
14515,REGULAR
14519,NOVO 24
14520,EVENTUAL
14521,EVENTUAL
14524,EVENTUAL
14526,EVENTUAL
14528,REGULAR
14530,REGULAR
14531,EVENTUAL
14532,EVENTUAL
14534,REGULAR
14535,EVENTUAL
14543,EVENTUAL
14544,REGULAR
14547,REGULAR
14550,REGULAR
14552,REGULAR
14556,EVENTUAL
14561,REGULAR
14562,EVENTUAL
14563,EVENTUAL
14564,EVENTUAL
14565,REGULAR
14568,EVENTUAL
14571,EVENTUAL
14574,REGULAR
14592,REGULAR
14593,EVENTUAL
14594,REGULAR
14595,REGULAR
14598,EVENTUAL
14599,REGULAR
14600,REGULAR
14601,REGULAR
14604,EVENTUAL
14611,EVENTUAL
14612,EVENTUAL
14615,EVENTUAL
14616,REGULAR
14617,EVENTUAL
14625,REGULAR
14627,EVENTUAL
14629,EVENTUAL
14630,REGULAR
14632,EVENTUAL
14633,REGULAR
14634,EVENTUAL
14637,EVENTUAL
14639,REGULAR
14640,EVENTUAL
14641,REGULAR
14643,REGULAR
14644,REGULAR
14645,EVENTUAL
14646,EVENTUAL
14649,REGULAR
14650,EVENTUAL
14651,REGULAR
14654,EVENTUAL
14657,EVENTUAL
14665,EVENTUAL
14670,EVENTUAL
14672,EVENTUAL
14674,EVENTUAL
14675,EVENTUAL
14680,REGULAR
14685,EVENTUAL
14686,EVENTUAL
14688,REGULAR
14691,EVENTUAL
14692,REGULAR
14693,REGULAR
14694,REGULAR
14695,REGULAR
14696,EVENTUAL
14697,EVENTUAL
14698,EVENTUAL
14702,REGULAR
14703,EVENTUAL
14704,REGULAR
14705,EVENTUAL
14706,REGULAR
14707,REGULAR
14708,EVENTUAL
14710,EVENTUAL
14712,EVENTUAL
14714,REGULAR
14716,EVENTUAL
14719,REGULAR
14721,EVENTUAL
14722,EVENTUAL
14723,EVENTUAL
14724,EVENTUAL
14725,EVENTUAL
14726,EVENTUAL
14727,EVENTUAL
14728,EVENTUAL
14730,REGULAR
14732,REGULAR
14734,EVENTUAL
14735,EVENTUAL
14737,REGULAR
14738,EVENTUAL
14739,EVENTUAL
14742,REGULAR
14744,EVENTUAL
14748,EVENTUAL
14753,EVENTUAL
14757,REGULAR
14762,NOVO 24
14765,EVENTUAL
14766,EVENTUAL
14775,REGULAR
14780,REGULAR
14785,EVENTUAL
14787,EVENTUAL
14788,NOVO 24
14789,REGULAR
14791,EVENTUAL
14792,EVENTUAL
14793,EVENTUAL
14794,REGULAR
14796,REGULAR
14797,REGULAR
14799,REGULAR
14800,REGULAR
14803,EVENTUAL
14807,EVENTUAL
14808,REGULAR
14809,REGULAR
14810,REGULAR
14812,REGULAR
14813,REGULAR
14814,EVENTUAL
14816,NOVO 25
14817,REGULAR
14818,EVENTUAL
14819,EVENTUAL
14822,REGULAR
14823,EVENTUAL
14824,EVENTUAL
14825,EVENTUAL
14826,EVENTUAL
14827,REGULAR
14829,REGULAR
14830,EVENTUAL
14831,EVENTUAL
14832,EVENTUAL
14833,EVENTUAL
14834,EVENTUAL
14835,EVENTUAL
14836,EVENTUAL
14837,REGULAR
14838,REGULAR
14840,EVENTUAL
14841,REGULAR
14842,REGULAR
14843,EVENTUAL
14847,EVENTUAL
14848,EVENTUAL
14849,REGULAR
14851,EVENTUAL
14852,REGULAR
14854,EVENTUAL
14855,EVENTUAL
14856,REGULAR
14858,EVENTUAL
14859,EVENTUAL
14861,REGULAR
14862,EVENTUAL
14863,EVENTUAL
14864,EVENTUAL
14865,REGULAR
14866,EVENTUAL
14867,REGULAR
14868,EVENTUAL
14870,EVENTUAL
14871,EVENTUAL
14872,EVENTUAL
14873,REGULAR
14874,EVENTUAL
14875,REGULAR
14876,EVENTUAL
14878,EVENTUAL
14880,REGULAR
14882,REGULAR
14883,REGULAR
14884,REGULAR
14885,REGULAR
14886,REGULAR
14888,REGULAR
14889,REGULAR
14890,EVENTUAL
14891,EVENTUAL
14892,EVENTUAL
14893,EVENTUAL
14894,EVENTUAL
14896,REGULAR
14898,REGULAR
14899,EVENTUAL
14900,NOVO 25
14902,REGULAR
14904,REGULAR
14906,REGULAR
14907,EVENTUAL
14908,REGULAR
14909,EVENTUAL
14910,EVENTUAL
14911,EVENTUAL
14912,EVENTUAL
14913,REGULAR
14916,EVENTUAL
14917,EVENTUAL
14918,REGULAR
14919,REGULAR
14920,EVENTUAL
14921,EVENTUAL
14922,REGULAR
14923,EVENTUAL
14924,EVENTUAL
14925,EVENTUAL
14926,REGULAR
14927,REGULAR
14929,REGULAR
14930,EVENTUAL
14931,EVENTUAL
14937,EVENTUAL
14938,EVENTUAL
14941,REGULAR
14942,REGULAR
14944,EVENTUAL
14945,EVENTUAL
14946,REGULAR
14947,REGULAR
14948,REGULAR
14949,EVENTUAL
14950,EVENTUAL
14952,REGULAR
14957,EVENTUAL
14958,REGULAR
14959,EVENTUAL
14961,EVENTUAL
14964,REGULAR
14965,REGULAR
14968,REGULAR
14969,REGULAR
14971,EVENTUAL
14976,REGULAR
14977,REGULAR
14978,REGULAR
14982,REGULAR
14983,REGULAR
14986,REGULAR
14987,REGULAR
14989,REGULAR
14990,EVENTUAL
14991,EVENTUAL
14993,EVENTUAL
14994,EVENTUAL
14996,EVENTUAL
14997,REGULAR
14998,EVENTUAL
15002,REGULAR
15005,REGULAR
15006,REGULAR
15007,REGULAR
15009,REGULAR
15011,EVENTUAL
15012,REGULAR
15013,EVENTUAL
15014,EVENTUAL
15015,REGULAR
15018,REGULAR
15019,REGULAR
15020,EVENTUAL
15022,EVENTUAL
15024,REGULAR
15028,EVENTUAL
15030,REGULAR
15031,EVENTUAL
15034,EVENTUAL
15035,EVENTUAL
15036,REGULAR
15038,EVENTUAL
15039,EVENTUAL
15040,REGULAR
15042,REGULAR
15043,EVENTUAL
15044,REGULAR
15048,EVENTUAL
15049,REGULAR
15052,EVENTUAL
15053,REGULAR
15061,REGULAR
15063,REGULAR
15064,EVENTUAL
15066,REGULAR
15076,REGULAR
15079,REGULAR
15080,REGULAR
15081,REGULAR
15082,REGULAR
15084,EVENTUAL
15086,REGULAR
15087,REGULAR
15091,REGULAR
15093,REGULAR
15094,EVENTUAL
15095,EVENTUAL
15097,EVENTUAL
15098,EVENTUAL
15100,EVENTUAL
15109,REGULAR
15110,EVENTUAL
15112,EVENTUAL
15114,EVENTUAL
15115,REGULAR
15123,REGULAR
15132,EVENTUAL
15136,EVENTUAL
15140,EVENTUAL
15146,EVENTUAL
15150,REGULAR
15151,REGULAR
15154,EVENTUAL
15155,REGULAR
15160,EVENTUAL
15163,EVENTUAL
15164,EVENTUAL
15167,EVENTUAL
15180,NOVO 24
15198,NOVO 25
15200,REGULAR
15207,REGULAR
15213,REGULAR
15214,REGULAR
15225,NOVO 24
15227,EVENTUAL
15229,NOVO 24
15232,REGULAR
15233,EVENTUAL
15234,REGULAR
15235,NOVO 24
15239,REGULAR
15240,NOVO 24
15243,NOVO 24
15244,REGULAR
15246,REGULAR
15248,NOVO 24
15249,REGULAR
15253,REGULAR
15255,NOVO 25
15257,REGULAR
15258,NOVO 24
15259,REGULAR
15260,REGULAR
15263,REGULAR
15264,REGULAR
15265,REGULAR
15266,REGULAR
15267,NOVO 24
15270,REGULAR
15271,REGULAR
15274,REGULAR
15276,REGULAR
15278,NOVO 24
15281,NOVO 24
15282,NOVO 24
15284,REGULAR
15285,REGULAR
15287,REGULAR
15288,NOVO 25
15289,REGULAR
15290,REGULAR
15291,NOVO 24
15302,REGULAR
15315,REGULAR
15316,REGULAR
15319,REGULAR
15321,NOVO 24
15322,REGULAR
15324,REGULAR
15332,REGULAR
15333,REGULAR
15334,REGULAR
15335,REGULAR
15336,REGULAR
15341,REGULAR
15348,NOVO 24
15349,REGULAR
15355,NOVO 24
15361,EVENTUAL
15368,REGULAR
15374,REGULAR
15378,REGULAR
15389,REGULAR
15398,NOVO 24
15405,NOVO 25
15406,NOVO 24
15407,REGULAR
15413,REGULAR
15414,REGULAR
15421,REGULAR
15423,REGULAR
15426,REGULAR
15428,NOVO 24
15432,NOVO 24
15449,REGULAR
15450,REGULAR
15452,NOVO 24
15454,REGULAR
15463,NOVO 24
15465,REGULAR
15469,REGULAR
15477,NOVO 24
15481,REGULAR
15486,NOVO 24
15487,REGULAR
15496,NOVO 24
15497,NOVO 24
15498,NOVO 24
15499,NOVO 24
15501,NOVO 24
15502,NOVO 24
15503,NOVO 24
15509,NOVO 24
15511,NOVO 24
15512,REGULAR
15513,NOVO 24
15514,NOVO 24
15518,NOVO 24
15519,REGULAR
15529,NOVO 24
15532,NOVO 24
15533,REGULAR
15534,NOVO 24
15535,REGULAR
15541,REGULAR
15542,NOVO 24
15543,REGULAR
15544,REGULAR
15545,NOVO 24
15546,NOVO 24
15547,NOVO 24
15551,REGULAR
15554,REGULAR
15557,NOVO 24
15560,REGULAR
15562,REGULAR
15566,REGULAR
15568,REGULAR
15574,REGULAR
15575,REGULAR
15579,NOVO 24
15581,NOVO 24
15585,REGULAR
15595,NOVO 24
15606,REGULAR
15613,REGULAR
15655,NOVO 24
15660,REGULAR
15663,NOVO 24
15665,REGULAR
15667,REGULAR
15677,NOVO 24
15679,NOVO 24
15681,REGULAR
15682,REGULAR
15683,NOVO 24
15684,NOVO 24
15685,NOVO 24
15688,REGULAR
15690,REGULAR
15691,REGULAR
15692,REGULAR
15696,REGULAR
15698,NOVO 24
15699,NOVO 24
15702,REGULAR
15703,REGULAR
15710,REGULAR
15711,REGULAR
15712,REGULAR
15713,NOVO 24
15714,REGULAR
15717,NOVO 24
15718,NOVO 24
15719,REGULAR
15720,REGULAR
15721,REGULAR
15722,REGULAR
15723,REGULAR
15724,NOVO 24
15727,NOVO 24
15728,REGULAR
15729,NOVO 24
15730,REGULAR
15731,REGULAR
15732,REGULAR
15734,NOVO 24
15735,NOVO 24
15736,NOVO 24
15737,NOVO 24
15740,NOVO 24
15741,NOVO 24
15742,REGULAR
15744,REGULAR
15745,REGULAR
15746,REGULAR
15750,NOVO 24
15751,REGULAR
15752,NOVO 24
15753,NOVO 24
15754,NOVO 24
15756,NOVO 24
15757,NOVO 24
15760,NOVO 24
15771,NOVO 24
15772,REGULAR
15773,REGULAR
15776,NOVO 24
15777,REGULAR
15778,REGULAR
15779,REGULAR
15782,REGULAR
15783,NOVO 24
15784,REGULAR
15785,NOVO 24
15786,REGULAR
15787,NOVO 24
15788,NOVO 24
15789,NOVO 24
15794,NOVO 24
15795,REGULAR
15797,REGULAR
15799,NOVO 24
15800,REGULAR
15801,NOVO 24
15804,REGULAR
15806,REGULAR
15809,REGULAR
15812,NOVO 24
15814,REGULAR
15815,REGULAR
15819,REGULAR
15820,NOVO 24
15821,REGULAR
15822,REGULAR
15823,NOVO 24
15824,REGULAR
15825,NOVO 24
15828,NOVO 24
15829,NOVO 24
15831,NOVO 24
15832,NOVO 24
15833,REGULAR
15834,REGULAR
15835,REGULAR
15842,NOVO 24
15843,REGULAR
15849,NOVO 24
15857,NOVO 24
15858,REGULAR
15860,NOVO 24
15861,NOVO 24
15862,REGULAR
15863,REGULAR
15864,REGULAR
15874,REGULAR
15876,REGULAR
15877,REGULAR
15878,REGULAR
15880,NOVO 24
15883,REGULAR
15892,REGULAR
15897,NOVO 24
15898,NOVO 24
15901,NOVO 24
15902,NOVO 24
15903,NOVO 25
15904,REGULAR
15905,REGULAR
15906,NOVO 24
15908,REGULAR
15909,NOVO 24
15912,REGULAR
15915,NOVO 24
15921,NOVO 24
15926,NOVO 24
15928,REGULAR
15932,REGULAR
15933,REGULAR
15934,REGULAR
15936,NOVO 24
15937,NOVO 24
15941,NOVO 24
15942,REGULAR
15943,REGULAR
15947,NOVO 24
15948,NOVO 24
15949,NOVO 24
15950,REGULAR
15951,NOVO 24
15954,NOVO 24
15956,REGULAR
15958,REGULAR
15960,NOVO 24
15962,NOVO 24
15963,REGULAR
15966,NOVO 24
15967,REGULAR
15970,REGULAR
15971,NOVO 25
15973,NOVO 24
15978,REGULAR
15979,REGULAR
15980,NOVO 24
15981,REGULAR
15982,NOVO 24
15983,REGULAR
15984,REGULAR
15985,NOVO 24
15986,REGULAR
15989,REGULAR
15990,REGULAR
15991,NOVO 24
15992,NOVO 25
16000,NOVO 24
16003,NOVO 24
16007,NOVO 24
16011,REGULAR
16012,REGULAR
16013,NOVO 24
16014,NOVO 24
16016,NOVO 24
16017,NOVO 24
16018,NOVO 24
16020,REGULAR
16026,NOVO 24
16029,NOVO 24
16030,REGULAR
16034,REGULAR
16037,REGULAR
16040,NOVO 24
16041,REGULAR
16042,NOVO 24
16045,REGULAR
16046,REGULAR
16047,REGULAR
16049,REGULAR
16051,REGULAR
16052,REGULAR
16054,REGULAR
16055,NOVO 24
16059,REGULAR
16060,REGULAR
16061,NOVO 24
16075,NOVO 24
16076,NOVO 24
16078,NOVO 24
16079,NOVO 24
16081,NOVO 24
16083,NOVO 24
16085,REGULAR
16086,NOVO 24
16087,NOVO 24
16088,REGULAR
16089,REGULAR
16090,NOVO 24
16091,NOVO 24
16092,REGULAR
16093,NOVO 24
16096,REGULAR
16097,NOVO 24
16099,NOVO 24
16100,NOVO 24
16101,NOVO 24
16104,NOVO 24
16106,NOVO 24
16107,NOVO 24
16108,NOVO 24
16113,REGULAR
16115,NOVO 24
16116,REGULAR
16117,NOVO 24
16119,REGULAR
16120,REGULAR
16121,REGULAR
16122,REGULAR
16123,NOVO 24
16126,NOVO 24
16128,NOVO 24
16129,NOVO 24
16130,NOVO 24
16131,NOVO 24
16134,REGULAR
16135,REGULAR
16136,REGULAR
16137,REGULAR
16138,NOVO 24
16139,REGULAR
16140,NOVO 24
16141,REGULAR
16142,REGULAR
16143,NOVO 24
16144,NOVO 24
16145,REGULAR
16146,REGULAR
16147,REGULAR
16148,NOVO 24
16149,REGULAR
16151,NOVO 24
16154,REGULAR
16156,NOVO 24
16157,REGULAR
16160,REGULAR
16161,NOVO 24
16167,NOVO 24
16169,REGULAR
16170,REGULAR
16171,NOVO 24
16172,REGULAR
16173,REGULAR
16174,REGULAR
16175,NOVO 24
16177,NOVO 24
16179,REGULAR
16180,REGULAR
16181,NOVO 24
16182,REGULAR
16186,REGULAR
16187,NOVO 24
16188,REGULAR
16189,REGULAR
16190,REGULAR
16191,NOVO 24
16192,REGULAR
16193,NOVO 24
16194,REGULAR
16200,NOVO 24
16201,REGULAR
16202,REGULAR
16206,REGULAR
16207,NOVO 25
16208,NOVO 24
16209,NOVO 24
16210,REGULAR
16212,NOVO 24
16213,NOVO 24
16216,NOVO 24
16217,NOVO 24
16218,REGULAR
16223,NOVO 24
16224,REGULAR
16225,REGULAR
16226,REGULAR
16227,NOVO 24
16229,NOVO 24
16231,NOVO 24
16232,NOVO 24
16234,NOVO 24
16236,REGULAR
16240,REGULAR
16241,REGULAR
16246,NOVO 24
16247,NOVO 24
16249,REGULAR
16250,NOVO 24
16251,NOVO 24
16252,REGULAR
16253,NOVO 24
16254,NOVO 24
16256,REGULAR
16257,NOVO 24
16258,NOVO 24
16259,REGULAR
16261,REGULAR
16264,REGULAR
16265,NOVO 24
16266,NOVO 24
16267,NOVO 24
16268,NOVO 24
16269,NOVO 24
16271,REGULAR
16274,NOVO 24
16278,NOVO 24
16279,NOVO 24
16280,REGULAR
16281,REGULAR
16282,REGULAR
16283,NOVO 24
16285,REGULAR
16287,REGULAR
16288,REGULAR
16289,NOVO 24
16290,NOVO 24
16291,REGULAR
16293,NOVO 24
16295,REGULAR
16296,NOVO 24
16297,NOVO 24
16305,REGULAR
16307,REGULAR
16308,REGULAR
16309,REGULAR
16310,NOVO 24
16311,NOVO 24
16312,NOVO 24
16314,REGULAR
16315,NOVO 24
16317,REGULAR
16320,NOVO 24
16321,NOVO 25
16324,REGULAR
16325,NOVO 25
16330,NOVO 25
16333,NOVO 25
16334,NOVO 25
16336,REGULAR
16337,NOVO 24
16338,REGULAR
16342,REGULAR
16344,REGULAR
16345,NOVO 25
16355,NOVO 25
16357,NOVO 24
16359,NOVO 25
16361,NOVO 24
16364,REGULAR
16366,NOVO 25
16370,REGULAR
16371,REGULAR
16374,REGULAR
16376,REGULAR
16383,NOVO 25
16384,NOVO 24
16386,NOVO 25
16387,NOVO 25
16390,NOVO 25
16393,NOVO 25
16399,REGULAR
16400,REGULAR
16404,NOVO 25
16416,REGULAR
16418,REGULAR
16426,REGULAR
16430,NOVO 25
16431,NOVO 25
16435,REGULAR
16436,NOVO 25
16439,REGULAR
16440,REGULAR
16441,NOVO 25
16442,REGULAR
16445,NOVO 25
16448,REGULAR
16450,REGULAR
16451,REGULAR
16452,REGULAR
16453,REGULAR
16456,REGULAR
16463,NOVO 25
16464,REGULAR
16465,REGULAR
16466,NOVO 25
16467,REGULAR
16468,NOVO 25
16469,REGULAR
16471,REGULAR
16472,REGULAR
16473,REGULAR
16474,NOVO 24
16476,REGULAR
16477,REGULAR
16479,NOVO 25
16496,REGULAR
16497,NOVO 25
16500,REGULAR
16501,REGULAR
16504,REGULAR
16506,REGULAR
16508,REGULAR
16509,REGULAR
16510,REGULAR
16513,REGULAR
16514,REGULAR
16515,REGULAR
16516,REGULAR
16518,NOVO 25
16519,REGULAR
16520,REGULAR
16521,REGULAR
16522,REGULAR
16524,REGULAR
16526,NOVO 25
16527,REGULAR
16528,REGULAR
16529,NOVO 25
16530,NOVO 25
16531,REGULAR
16534,REGULAR
16536,REGULAR
16537,REGULAR
16538,REGULAR
16539,REGULAR
16540,REGULAR
16541,REGULAR
16544,NOVO 25
16548,REGULAR
16549,REGULAR
16550,REGULAR
16552,REGULAR
16554,REGULAR
16555,REGULAR
16558,NOVO 25
16560,REGULAR
16563,REGULAR
16564,NOVO 25
16565,NOVO 25
16566,NOVO 25
16570,REGULAR
16571,REGULAR
16573,REGULAR
16574,REGULAR
16576,REGULAR
16577,REGULAR
16584,REGULAR
16588,REGULAR
16592,REGULAR
16602,REGULAR
16614,REGULAR
16628,REGULAR
16629,REGULAR
16630,REGULAR
16631,REGULAR
16632,REGULAR
16633,REGULAR
16637,REGULAR
16638,REGULAR
16640,REGULAR
16642,REGULAR
16652,NOVO 25
16656,NOVO 25
16657,REGULAR
16659,NOVO 25
16665,REGULAR
16666,REGULAR
16667,REGULAR
16671,REGULAR
16673,NOVO 25
16674,REGULAR
16682,NOVO 25
16683,REGULAR
16685,REGULAR
16686,REGULAR
16687,REGULAR
16698,REGULAR
16699,NOVO 25
16702,REGULAR
16707,REGULAR
16710,REGULAR
16713,REGULAR
16714,REGULAR
16715,REGULAR
16717,REGULAR
16720,REGULAR
16721,REGULAR
16722,REGULAR
16724,NOVO 25
16726,NOVO 25
16727,NOVO 25
16735,REGULAR
16736,REGULAR
16740,NOVO 25
16746,REGULAR
16749,NOVO 25
16750,NOVO 25
16753,NOVO 25
16754,REGULAR
16755,REGULAR
16756,REGULAR
16759,REGULAR
16764,REGULAR
16772,REGULAR
16774,REGULAR
16775,REGULAR
16783,REGULAR
16789,REGULAR
16809,REGULAR
16810,REGULAR
16811,NOVO 25
16812,NOVO 25
16814,REGULAR
16815,REGULAR
16816,NOVO 25
16817,REGULAR
16823,REGULAR
16824,REGULAR
16832,REGULAR
16834,NOVO 25
16836,REGULAR
16837,REGULAR
16838,REGULAR
16839,NOVO 25
16840,REGULAR
16848,REGULAR
16860,REGULAR
16864,NOVO 25
16876,REGULAR
16877,REGULAR
16878,REGULAR
16882,REGULAR
16883,REGULAR
16889,REGULAR
16891,NOVO 25
16893,NOVO 25
16894,REGULAR
16906,REGULAR
16919,REGULAR
16940,REGULAR
16943,REGULAR
16948,NOVO 25
16950,NOVO 25
16958,NOVO 25
16964,REGULAR
16983,NOVO 25
16994,REGULAR
17004,REGULAR
17007,REGULAR
17013,REGULAR
17016,REGULAR
17020,REGULAR
17027,REGULAR
17028,REGULAR
17029,REGULAR
17032,NOVO 25
17033,NOVO 25
17041,REGULAR
17043,NOVO 25
17044,REGULAR
17045,REGULAR
17046,REGULAR
17047,REGULAR
17048,NOVO 25
17051,NOVO 25
17052,NOVO 25
17053,REGULAR
17054,REGULAR
17055,NOVO 25
17056,NOVO 25
17057,REGULAR
17058,REGULAR
17062,REGULAR
17063,NOVO 25
17064,NOVO 25
17065,REGULAR
17067,REGULAR
17068,NOVO 25
17072,NOVO 25
17073,REGULAR
17074,REGULAR
17075,NOVO 25
17076,REGULAR
17077,NOVO 25
17080,NOVO 25
17081,REGULAR
17083,NOVO 25
17086,REGULAR
17087,NOVO 25
17089,NOVO 25
17090,REGULAR
17091,NOVO 25
17097,NOVO 25
17098,NOVO 25
17102,NOVO 25
17104,NOVO 25
17106,REGULAR
17107,REGULAR
17108,REGULAR
17112,NOVO 25
17113,REGULAR
17114,NOVO 25
17115,NOVO 25
17117,NOVO 25
17118,REGULAR
17120,REGULAR
17121,NOVO 25
17122,REGULAR
17124,NOVO 25
17125,NOVO 25
17127,REGULAR
17128,NOVO 25
17132,NOVO 25
17133,NOVO 25
17135,NOVO 25
17140,REGULAR
17141,REGULAR
17146,REGULAR
17149,NOVO 25
17150,NOVO 25
17152,REGULAR
17154,REGULAR
17155,NOVO 25
17156,NOVO 25
17157,NOVO 25
17160,REGULAR
17161,NOVO 25
17164,NOVO 25
17165,REGULAR
17166,NOVO 25
17167,NOVO 25
17168,NOVO 25
17169,NOVO 25
17172,REGULAR
17176,NOVO 25
17177,NOVO 25
17178,NOVO 25
17180,NOVO 25
17181,NOVO 25
17183,NOVO 25
17184,NOVO 25
17185,REGULAR
17186,REGULAR
17187,REGULAR
17191,NOVO 25
17193,REGULAR
17194,REGULAR
17195,NOVO 25
17196,NOVO 25
17201,NOVO 25
17202,REGULAR
17203,NOVO 25
17205,REGULAR
17206,REGULAR
17208,REGULAR
17209,REGULAR
17211,NOVO 25
17212,NOVO 25
17213,NOVO 25
17214,REGULAR
17216,NOVO 25
17220,NOVO 25
17221,NOVO 25
17222,NOVO 25
17223,REGULAR
17224,REGULAR
17227,NOVO 25
17228,NOVO 25
17230,REGULAR
17233,NOVO 25
17234,NOVO 25
17235,NOVO 25
17237,REGULAR
17238,REGULAR
17239,NOVO 25
17240,NOVO 25
17242,NOVO 25
17244,REGULAR
17245,NOVO 25
17251,NOVO 25
17252,NOVO 25
17253,REGULAR
17255,NOVO 25
17256,REGULAR
17261,NOVO 25
17265,NOVO 25
17266,NOVO 25
17268,NOVO 25
17269,NOVO 25
17270,NOVO 25
17271,REGULAR
17272,NOVO 25
17276,NOVO 25
17278,REGULAR
17284,NOVO 25
17286,NOVO 25
17287,NOVO 25
17288,NOVO 25
17291,NOVO 25
17293,REGULAR
17294,NOVO 25
17295,NOVO 25
17297,REGULAR
17298,NOVO 25
17301,NOVO 25
17302,NOVO 25
17309,NOVO 25
17310,REGULAR
17312,REGULAR
17318,NOVO 25
17319,NOVO 25
17322,NOVO 25
17323,REGULAR
17324,NOVO 25
17325,REGULAR
17328,REGULAR
17329,NOVO 25
17334,NOVO 25
17335,NOVO 25
17336,NOVO 25
17337,REGULAR
17344,NOVO 25
17347,NOVO 25
17350,NOVO 25
17351,NOVO 25
17354,REGULAR
17358,NOVO 25
17359,NOVO 25
17360,NOVO 25
17361,NOVO 25
17363,NOVO 25
17366,REGULAR
17370,REGULAR
17371,REGULAR
17372,NOVO 25
17375,NOVO 25
17376,NOVO 25
17377,NOVO 25
17378,NOVO 25
17381,REGULAR
17382,NOVO 25
17386,NOVO 25
17390,NOVO 25
17391,NOVO 25
17395,NOVO 25
17398,REGULAR
17399,NOVO 25
17400,NOVO 25
17401,REGULAR
17402,REGULAR
17407,NOVO 25
17409,REGULAR
17410,NOVO 25
17411,NOVO 25
17412,NOVO 25
17416,NOVO 25
17419,NOVO 25
17420,NOVO 26
17421,NOVO 25
17422,NOVO 25
17424,NOVO 25
17427,NOVO 25
17428,REGULAR
17429,REGULAR
17430,NOVO 25
17432,NOVO 25
17433,NOVO 25
17435,NOVO 25
17436,REGULAR
17437,NOVO 25
17441,NOVO 25
17443,NOVO 25
17446,NOVO 25
17452,NOVO 25
17453,NOVO 25
17456,REGULAR
17457,REGULAR
17459,REGULAR
17460,NOVO 25
17464,REGULAR
17476,NOVO 25
17477,NOVO 25
17479,NOVO 25
17483,NOVO 25
17486,NOVO 25
17488,REGULAR
17489,NOVO 25
17491,NOVO 25
17495,NOVO 25
17498,NOVO 25
17499,REGULAR
17500,REGULAR
17501,REGULAR
17502,REGULAR
17503,REGULAR
17504,NOVO 25
17505,NOVO 25
17506,NOVO 25
17507,NOVO 25
17509,NOVO 25
17510,NOVO 25
17511,NOVO 25
17512,REGULAR
17513,REGULAR
17514,NOVO 25
17515,REGULAR
17519,NOVO 25
17520,NOVO 25
17521,NOVO 25
17523,NOVO 25
17524,NOVO 25
17525,REGULAR
17526,NOVO 25
17527,NOVO 25
17531,NOVO 25
17532,NOVO 25
17533,NOVO 25
17534,NOVO 25
17537,REGULAR
17538,NOVO 25
17540,REGULAR
17541,REGULAR
17545,NOVO 25
17546,NOVO 25
17547,NOVO 25
17549,NOVO 25
17550,NOVO 25
17551,REGULAR
17552,NOVO 25
17553,REGULAR
17554,REGULAR
17555,NOVO 25
17556,NOVO 25
17557,NOVO 25
17558,NOVO 25
17559,NOVO 25
17565,REGULAR
17568,NOVO 25
17569,REGULAR
17570,REGULAR
17571,NOVO 25
17572,REGULAR
17574,NOVO 25
17575,NOVO 25
17576,NOVO 25
17577,REGULAR
17579,NOVO 25
17582,REGULAR
17583,NOVO 25
17584,NOVO 25
17585,REGULAR
17588,NOVO 25
17589,REGULAR
17590,NOVO 25
17593,NOVO 25
17594,NOVO 25
17596,NOVO 25
17597,NOVO 25
17598,NOVO 25
17599,NOVO 25
17600,REGULAR
17601,NOVO 25
17602,NOVO 25
17603,NOVO 25
17606,NOVO 25
17610,NOVO 25
17616,REGULAR
17632,NOVO 25
17633,NOVO 25
17635,NOVO 25
17636,REGULAR
17638,NOVO 25
17639,NOVO 25
17640,NOVO 25
17641,REGULAR
17644,NOVO 25
17646,NOVO 25
17648,NOVO 25
17649,NOVO 25
17650,NOVO 25
17651,NOVO 25
17652,NOVO 25
17655,NOVO 25
17659,REGULAR
17660,NOVO 25
17661,NOVO 25
17663,NOVO 25
17664,NOVO 25
17667,NOVO 25
17668,REGULAR
17670,NOVO 25
17672,REGULAR
17673,NOVO 25
17676,NOVO 25
17677,REGULAR
17680,NOVO 25
17684,NOVO 25
17686,NOVO 25
17691,NOVO 25
17692,NOVO 25
17693,REGULAR
17696,REGULAR
17698,NOVO 25
17701,REGULAR
17704,NOVO 25
17709,NOVO 25
17711,NOVO 25
17714,NOVO 25
17715,NOVO 26
17716,NOVO 25
17719,NOVO 25
17727,NOVO 25
17728,NOVO 25
17732,NOVO 25
17733,NOVO 25
17734,NOVO 25
17735,REGULAR
17736,REGULAR
17737,NOVO 25
17738,REGULAR
17739,REGULAR
17742,NOVO 25
17746,NOVO 25
17747,NOVO 25
17748,NOVO 25
17750,NOVO 25
17752,NOVO 25
17753,NOVO 25
17756,NOVO 25
17757,REGULAR
17761,NOVO 25
17763,NOVO 25
17766,NOVO 26
17767,NOVO 25
17775,NOVO 25
17778,NOVO 25
17780,NOVO 25
17781,NOVO 25
17783,NOVO 25
17786,NOVO 25
17788,REGULAR
17793,NOVO 25
17794,NOVO 25
17797,REGULAR
17798,NOVO 25
17801,NOVO 25
17804,REGULAR
17805,NOVO 25
17807,NOVO 25
17808,NOVO 25
17809,REGULAR
17812,REGULAR
17814,NOVO 25
17818,NOVO 25
17823,NOVO 25
17829,NOVO 25
17831,NOVO 25
17832,NOVO 25
17834,NOVO 25
17835,REGULAR
17836,NOVO 26
17838,NOVO 25
17845,NOVO 25
17848,NOVO 25
17854,NOVO 25
17855,REGULAR
17860,NOVO 25
17863,NOVO 25
17864,NOVO 25
17865,NOVO 26
17868,NOVO 26
17875,NOVO 26
17885,REGULAR
17897,NOVO 25
17904,NOVO 26
17912,REGULAR
17917,NOVO 25
17929,NOVO 26
17930,NOVO 26
17937,NOVO 26
17939,NOVO 25
17944,NOVO 26
17975,NOVO 25
17977,NOVO 26
17980,NOVO 26
17986,NOVO 26
17989,NOVO 26
17991,NOVO 26
18001,NOVO 26
18006,NOVO 26
18007,NOVO 26
18010,NOVO 26
18021,NOVO 26
18022,NOVO 26
18024,NOVO 26
18028,NOVO 26
18032,NOVO 26
18033,NOVO 26
18034,NOVO 26
18037,NOVO 26
18045,NOVO 25
18085,NOVO 26
18088,NOVO 26
18090,NOVO 26
18097,NOVO 26
18099,NOVO 26
18102,NOVO 26
18105,NOVO 26
18106,REGULAR
18110,NOVO 26
18115,REGULAR
18116,NOVO 25
18120,NOVO 26
18123,NOVO 26
18124,NOVO 26
18126,NOVO 26
18127,NOVO 26
18130,NOVO 26
18134,NOVO 26
18136,NOVO 26
18141,NOVO 26
18142,NOVO 26
18143,NOVO 25
18144,NOVO 26
18155,NOVO 26
18156,NOVO 26
18157,NOVO 26
18158,NOVO 26
18163,NOVO 26
18168,NOVO 26
18174,NOVO 25
18175,NOVO 26
18181,NOVO 26
18182,NOVO 26
18183,NOVO 26
18184,NOVO 26
18194,NOVO 26
18197,NOVO 26
18199,NOVO 26
18204,NOVO 26
18206,NOVO 26
18212,NOVO 26
18216,NOVO 26
18221,NOVO 26
18282,NOVO 26
18283,NOVO 26
18285,NOVO 26
18291,NOVO 26
18301,NOVO 26
18303,NOVO 26
18305,NOVO 26
18313,NOVO 26
18317,NOVO 26
18374,NOVO 26
18375,NOVO 26
18376,NOVO 26
